firstName,country
Dud,Ukraine
Jolyn,United States
Sallie,France
Belle,Democratic Republic of the Congo
Bing,Indonesia
West,Brazil
Marion,Dominican Republic
Hillary,China
Standford,Indonesia
Babs,Netherlands
Arliene,China
Anabal,Ukraine
Thelma,China
Othello,France
Kristal,China
Archibaldo,Brazil
Traver,Bosnia and Herzegovina
Noelani,Brazil
Maye,Bulgaria
Barbara,Ecuador
Fania,Tunisia
Wolfgang,Indonesia
Ade,Brazil
Cherrita,China
Ram,Greece
Lauree,Indonesia
Christie,Iran
Winthrop,Slovenia
Cedric,China
Lenci,China
Marna,Poland
Moss,Brazil
Goldie,Brazil
Arlena,Brazil
Ianthe,Greece
Mame,Portugal
Joletta,Russia
Demetris,United States
Brianna,China
Gratia,Philippines
Allissa,Russia
Ingaberg,Brazil
Glory,Ukraine
Yorke,China
Haskel,Sweden
Lennie,Finland
Fabian,Marshall Islands
Valentin,Montenegro
Colas,France
Christabella,Colombia
Bennie,South Africa
Cristian,Chile
Rufus,China
Smith,Indonesia
Jeni,Indonesia
Constanta,Mauritius
Burty,China
Keefer,France
Jarib,France
Nikita,China
Norris,Ireland
Tait,Russia
Mabel,China
Shepherd,Nigeria
Alvin,Poland
May,Greece
Bret,Ireland
Gertrudis,Czech Republic
Bev,France
Gilberte,Russia
Alf,Russia
Clemens,Philippines
Ezra,China
Ugo,Philippines
Arthur,Azerbaijan
Rockey,Serbia
Rurik,China
Nichole,Russia
Jorge,Czech Republic
Albrecht,Indonesia
Murvyn,China
Ewan,United States
Jacynth,China
Genni,South Africa
Ardelis,Russia
Sholom,Portugal
Hedwig,Indonesia
Rutherford,Thailand
Rice,Malaysia
Kerry,China
Deny,Croatia
Julee,France
Georgie,China
Euell,Poland
Daffie,Portugal
Elysia,Indonesia
Kimball,Indonesia
Durand,United States
Greta,Indonesia
Oberon,Portugal
Martin,Indonesia
Curcio,Brazil
Sherwynd,Japan
Seumas,China
Sisile,Germany
Kilian,China
Vivyanne,Indonesia
Aksel,Russia
Birk,Poland
Lauren,China
Eugene,China
Karoline,China
Stormi,Sweden
Daria,Sweden
Selby,China
Cooper,Lesotho
Valentijn,Portugal
Bobbe,Malaysia
Erinna,Russia
Aili,Azerbaijan
Chrotoem,Azerbaijan
Adella,Peru
Leroi,Philippines
Audrie,Peru
Oswald,China
Hagen,Peru
Morris,Russia
Aarika,China
Carolann,South Africa
Marcela,Russia
Dulcine,Indonesia
Fons,Falkland Islands
Dimitri,Brazil
Leanna,Russia
Frances,Bolivia
Chantal,Canada
Lewie,China
Blinni,Iran
Arluene,Croatia
Gareth,Canada
Horacio,Russia
Georgina,Brazil
Nari,Poland
Ralina,Argentina
Cybill,China
Mac,China
Mitch,Indonesia
Meir,Iran
Merrile,Slovenia
Bathsheba,Brazil
Sunny,Japan
Shayna,Pakistan
Zita,United States
Franky,Netherlands
Kristos,Honduras
Aubert,Ireland
Lucretia,China
Urban,Georgia
Harold,Vietnam
Catharina,United Kingdom
Clerc,Thailand
Randi,Sweden
Louie,Philippines
Arch,China
Leigh,France
Nicola,China
Ira,Japan
Shandie,France
Archambault,Indonesia
Myrwyn,Brazil
Robinett,Portugal
Daniel,China
Daveen,China
Jaquelyn,Indonesia
Anallise,Morocco
Hilary,Philippines
Kippar,Germany
Brant,Thailand
Rachele,Albania
Moishe,China
Bran,China
Shawn,China
Killian,Brazil
Ranee,Zambia
Trudi,Russia
Roderich,Nigeria
Monroe,Indonesia
Enriqueta,United States
Patrice,Albania
Sorcha,Peru
Templeton,China
Frans,Mongolia
Marsha,Spain
Annabela,Indonesia
Tyrus,Vietnam
Rheta,Poland
Georgy,China
Jakob,Tajikistan
Lilla,Portugal
Charmine,Philippines
Maribelle,Tunisia
Tyrus,Greece
Kariotta,Argentina
Dre,Russia
Steffane,Poland
Olga,Ireland
Edward,China
Felisha,Sweden
Maryrose,Poland
Connie,Bosnia and Herzegovina
Olga,Indonesia
Waylin,Cameroon
Aksel,Germany
Maryanne,Uganda
Ivor,Mozambique
Veronique,China
Nathanial,Nigeria
Obadiah,Indonesia
Wald,Greece
Gannon,Moldova
Luciano,Poland
Gustavo,Mongolia
Beverlee,Sweden
Jan,France
Kettie,Iran
Ive,Pakistan
Svend,Vietnam
Rockwell,Portugal
Klaus,China
Lily,Poland
Bron,China
Chen,China
Lucilia,China
Berte,China
Luella,Russia
Wynn,Thailand
Elianore,France
Osbert,Mongolia
Sheena,Philippines
Byron,Vietnam
Michel,Yemen
Darb,China
Joelly,Russia
Alfi,Thailand
Omar,Indonesia
Mannie,China
Hogan,Philippines
Con,Colombia
Claudetta,Japan
Gordon,Philippines
Cly,United States
Bertram,United States
Florian,Finland
Adolpho,Japan
Gav,Serbia
Catherina,Indonesia
Rance,Brazil
Lolita,Portugal
Winfield,Georgia
Elly,Canada
Crysta,Guatemala
Pietra,Canada
Richy,Sweden
Caryl,Sweden
Marget,China
Kameko,Afghanistan
Karyn,Jordan
Hillie,Japan
Kacy,Brazil
Ardra,Bhutan
Chan,Honduras
Sergei,China
Clayborn,Uzbekistan
Sonni,Cuba
Marybelle,South Africa
Rand,Mozambique
Irma,Colombia
Abram,China
Aldric,Philippines
Betty,Portugal
Ruggiero,Ivory Coast
Kalila,Tanzania
Torrence,United States
Mirabelle,China
Edgardo,Laos
Flinn,Brazil
Faber,Burundi
Mercy,China
Ana,South Africa
Maitilde,Thailand
Corine,Indonesia
Torry,China
Xymenes,Sweden
Zeb,China
Libbi,Brazil
Zaneta,China
Meredith,Poland
Syd,Greece
Kinny,Mongolia
Marget,China
Francklin,Russia
Grata,Aland Islands
Brooks,Indonesia
Sascha,Brazil
Leonora,Portugal
Carol-jean,Sao Tome and Principe
Otes,United States
Antonio,Brazil
Padgett,China
Rea,Russia
Courtnay,China
Bertine,Indonesia
Fredia,Russia
Ginger,Russia
Briana,Brazil
Emily,Indonesia
Hephzibah,Colombia
Shirlee,Indonesia
Krissy,Kazakhstan
Ree,Indonesia
Sibylla,Hungary
Tandie,Philippines
Elmira,Zambia
Ruthi,Indonesia
Franklin,Belgium
Chiquia,Argentina
Griffin,Indonesia
Pietrek,Indonesia
Ninon,China
Kiah,Austria
Caryl,Ukraine
Alena,China
Rebecka,China
Sibylla,Czech Republic
Lilah,China
Georgetta,Indonesia
Joy,Portugal
Mozes,China
Wildon,Portugal
Wrennie,Brazil
Bennie,Sweden
Waverly,China
Meggi,Philippines
Web,Nepal
Karol,Sweden
Pauly,France
Joann,Venezuela
Alisa,Argentina
Celestyn,Senegal
Murdock,Indonesia
Ulla,Armenia
Rafaello,United States
Tonye,Afghanistan
Cathlene,Czech Republic
Corrie,Philippines
Napoleon,South Sudan
Essy,Ukraine
Rey,Philippines
Demetria,China
Rheta,South Korea
Emmett,Greece
Dix,Australia
Vania,Thailand
Myra,Philippines
Anatol,Brazil
Isidore,Thailand
Saree,Canada
Salim,Russia
Culley,Norway
Baxie,Nigeria
Sig,France
Any,Brazil
Devonna,Ukraine
Burton,Ukraine
Sig,Tanzania
Rhoda,Slovenia
Alene,China
Elie,Finland
Emmi,Poland
Jana,Colombia
Wilbert,France
Genvieve,China
Jany,Philippines
Mair,Indonesia
Tove,Albania
Hyacinthia,Senegal
Rowland,Ireland
Alonzo,Russia
Linc,United States
Rabbi,Thailand
Selene,China
Payton,Kazakhstan
Giorgia,Malaysia
Connie,Colombia
Quill,China
Vi,Poland
Clementia,Argentina
Adore,Indonesia
Milicent,China
Pippa,Pakistan
Marin,Tanzania
Gabi,Portugal
Chad,Philippines
Kelsi,Indonesia
Larissa,China
Octavia,Philippines
Efrem,Indonesia
Rod,Peru
Neilla,Tajikistan
Justis,Brazil
Krishnah,Indonesia
Nata,Brazil
Antoinette,Russia
Karilynn,Cameroon
Thaxter,United States
Bibbie,Armenia
Hilly,France
Dulcia,Burkina Faso
Maje,China
Goddard,Sweden
Jackelyn,Indonesia
Roxana,China
Rubetta,China
Eugenio,Brazil
Doralynn,Poland
Ole,Peru
Rina,Indonesia
Eleanor,Ukraine
Parsifal,China
Marjory,China
Abigael,Canada
Jourdan,Japan
Cordy,China
Percival,Argentina
Clarissa,Thailand
Wallis,France
Winfield,Brazil
Lou,China
Natale,Philippines
Kristina,China
Eberhard,Indonesia
Jakob,Tanzania
Charlotta,France
Jourdain,China
Job,Sweden
Peder,Marshall Islands
Orella,Russia
Ethan,Poland
Domeniga,Czech Republic
Padgett,Iceland
Dedra,Dominican Republic
Florinda,United States
Mal,Brazil
Julina,Zimbabwe
Donall,Lithuania
Sophronia,Italy
Dion,China
Shirline,Russia
Nicol,China
Ruthanne,Philippines
Gilbertine,China
Codi,Thailand
Elinore,Czech Republic
Clo,Ukraine
Gherardo,Poland
Dermot,Indonesia
Monroe,Nepal
Kimbra,Indonesia
Niven,Israel
Alfy,Indonesia
Llywellyn,Philippines
Maure,Indonesia
Rikki,Indonesia
Faustine,Serbia
Daisie,Iceland
Adrien,Thailand
Janna,Indonesia
Rozele,China
Jodi,Indonesia
Barclay,Brazil
Horatio,Venezuela
Rosanna,Brazil
Wenonah,Portugal
Grange,Russia
Pace,Canada
Merridie,Madagascar
Conchita,Indonesia
Cassaundra,China
Dareen,Malaysia
Chic,Luxembourg
Pamelina,Indonesia
Vladimir,Cyprus
Moore,Colombia
Isabelita,China
Ellis,China
Chrissie,Colombia
Beverley,Madagascar
Verge,Indonesia
Edd,Burkina Faso
Alessandra,Uganda
Tally,Armenia
Esme,New Zealand
Vallie,Brazil
Anett,China
Hestia,Costa Rica
Gabie,China
Brandon,China
Lisle,United States
Hiram,Russia
Brnaba,Serbia
Diarmid,France
Marylou,Indonesia
Beverlie,Serbia
Hansiain,Philippines
Emerson,Brazil
Aura,Vietnam
Umeko,China
Maggi,Russia
Butch,Indonesia
Tobey,Canada
Shaine,Philippines
Samuel,Russia
Jethro,Bosnia and Herzegovina
Brianne,Czech Republic
Ragnar,China
Judd,Russia
Monte,Nigeria
Sean,Vietnam
Jacki,Russia
Van,Indonesia
Salvidor,Finland
Aili,France
Mohandas,United States
Dallas,Kyrgyzstan
Conrad,North Korea
Amitie,Argentina
Pandora,Luxembourg
Hardy,China
Kirk,China
Ginny,China
Roland,Indonesia
Tabbatha,Indonesia
Rory,Brazil
Veda,Peru
Brantley,Serbia
Timmie,Malta
Yuri,Poland
Bailie,Greece
Maurie,United States
Felipa,Spain
Marnia,Latvia
Quinton,Slovenia
Isak,Indonesia
Happy,China
Therine,Kazakhstan
Carlin,Russia
Thacher,Reunion
Skylar,Indonesia
Chandal,China
Chase,China
Dagny,Japan
Gweneth,Indonesia
Khalil,Russia
Hillier,Mexico
Rubetta,China
Olivette,China
Maitilde,France
Alexia,Bulgaria
Alleen,China
Aeriela,Japan
Norton,China
Keene,Slovakia
Zsazsa,France
Brooke,Cameroon
Julie,Russia
Corbie,France
Nonah,China
Tasha,Indonesia
Brynna,Russia
Ernaline,Philippines
Ray,Russia
Shandy,Armenia
Rosana,Serbia
Dennis,China
Devondra,Indonesia
Montague,China
Seth,Indonesia
Aubry,Greece
Leupold,China
Lombard,Portugal
Kati,France
Maggee,Ukraine
Jonis,Colombia
Jehanna,France
Kaycee,Mauritius
Ulberto,Colombia
Trumaine,Sweden
Winnifred,Palestinian Territory
Ladonna,Ukraine
Jonie,Albania
Pooh,Tunisia
Meier,Indonesia
Cherise,Indonesia
Odille,China
Eolande,Brazil
Wittie,Peru
Justin,China
Sibby,China
Tiffany,China
Foster,Colombia
Lombard,Lebanon
Damaris,Indonesia
Rufe,Poland
Cosme,Portugal
Armstrong,Poland
Christi,Indonesia
Margi,China
Georgianne,Czech Republic
Averell,Indonesia
Carlene,Norway
Yuri,Turkmenistan
Inez,China
Prentice,Portugal
Truman,France
Wylma,Japan
Brandea,Austria
Tanya,Ivory Coast
Stavro,Palestinian Territory
Peirce,Greece
Bambi,France
Margaretha,China
Corby,China
Elia,Indonesia
Waite,Philippines
Salvador,China
Ira,Ukraine
Aleda,Indonesia
Chrissy,Indonesia
Tasia,Portugal
Windy,China
Sadella,China
Lombard,Indonesia
Mohandis,Russia
Winny,Ukraine
Yasmeen,Portugal
Loraine,China
Alvin,Russia
Silvia,Russia
Arabelle,Thailand
Babara,Macedonia
Ashli,Finland
Lenci,Brazil
Felizio,China
Priscella,China
Peggy,Brazil
Lorianne,Macedonia
Louis,Czech Republic
Hort,Philippines
Todd,China
Artair,China
Rochelle,United States
Philbert,Mexico
Corey,China
Carmita,China
Hale,Philippines
Sisely,China
Birgitta,Venezuela
Harper,Japan
Deedee,Indonesia
Wallas,Poland
Myrlene,Bhutan
Carlyn,Ukraine
Amargo,Costa Rica
Chandra,Sweden
Jens,Russia
Ennis,Brazil
Shani,Brazil
Trish,Bosnia and Herzegovina
Susannah,Ireland
Justino,Sweden
Milton,Brazil
Katrine,Cuba
Marcella,China
Ferdie,China
Ransom,China
Emelen,Russia
Christel,Japan
Elaine,Brazil
Ella,Brazil
Lyda,Thailand
Wat,China
Selena,Netherlands
Gaspar,Slovenia
Kandace,Russia
Vanda,Ukraine
Carmelle,Indonesia
Raviv,Czech Republic
Paton,Georgia
Janet,Brazil
Jaimie,Argentina
Yevette,Sweden
Abbey,Indonesia
Bartlett,Canada
Amelita,Philippines
Gal,China
Gil,Taiwan
Margette,Nicaragua
Shandeigh,Indonesia
Paco,Philippines
Farlee,China
Haroun,Russia
Perice,China
Starr,China
Fancy,Cameroon
Sapphire,China
Win,Ukraine
Clerissa,Liberia
Francesca,Indonesia
Shaylah,United States
Linnea,Georgia
Vina,China
Olivier,Poland
Adore,United States
Aurea,Philippines
Derril,Bolivia
Suzy,Brazil
Alisander,Canada
Matthias,Finland
Skylar,Vietnam
Jermaine,United Kingdom
Aleece,Sri Lanka
Agneta,China
Deck,Philippines
Sosanna,China
Aida,China
Cally,China
Antonino,Portugal
Maryrose,Philippines
Dalt,Brazil
Duke,Argentina
Cheslie,Philippines
Leupold,Russia
Dela,Ghana
Aggy,Portugal
Stefano,China
Bernardine,China
Thomasin,Canada
Russell,Sweden
Dame,Russia
Lorry,Honduras
Mariann,China
Gordie,China
Dory,Tunisia
Kore,Portugal
Aldus,China
Bowie,China
Gunner,Portugal
Juliet,Uzbekistan
Elsi,Panama
Homerus,Brazil
Crichton,Israel
Langsdon,Luxembourg
Con,Indonesia
Tymothy,Argentina
Farrand,Guatemala
Fidelia,China
Anders,France
Madelin,Portugal
Merrilee,Indonesia
Phyllida,Ukraine
Andie,China
Ninette,Indonesia
Meir,Philippines
Bennett,China
Katrinka,China
Wallis,France
Paola,Venezuela
Joby,United States
Francklyn,United States
Alecia,Macedonia
Michaeline,Croatia
Sapphire,China
Zach,Portugal
Sibley,Mali
Reggis,Poland
Lisle,Sweden
Kirstyn,Canada
Davis,Albania
Grayce,Sweden
Dee dee,Portugal
Bonny,Japan
Harley,Malaysia
Melisandra,Dominican Republic
Berti,Malaysia
Tynan,Jordan
Eda,China
Maryrose,Poland
Paula,Belarus
Celia,United States
Leslie,Portugal
Florida,China
Mervin,Mexico
Cyndy,Sweden
Rosalind,China
Evin,France
Murdoch,Greece
Rasla,Russia
Bartholomew,Netherlands
Ramona,China
Guinna,French Polynesia
Mildrid,Japan
Thomasa,Botswana
Ernaline,Japan
Thaddeus,Japan
Graehme,Poland
Vidovic,France
Bastien,China
Giles,Philippines
Friedrich,Philippines
Shelley,Spain
Lindsay,Portugal
Sarene,Latvia
Adan,Canada
Winny,China
Myriam,Brazil
Orson,Philippines
Osbourn,Japan
Wendye,China
Maurise,Tanzania
Hester,Argentina
Lela,Japan
Lanie,Moldova
Shem,Indonesia
Natasha,Argentina
Lance,China
Saba,Croatia
Calida,Ghana
Delly,Belarus
Mariel,Afghanistan
Ingamar,Ireland
Antons,Greece
Darcey,China
Berti,Kosovo
Coop,Japan
Caren,Brazil
Cecilla,Spain
Lauree,China
Drusi,Greenland
Trstram,Malta
Tanney,China
Jemmy,Ethiopia
Starlin,Indonesia
Tawnya,China
Oates,Vietnam
Ali,Sweden
Cinda,Brazil
Dodie,Argentina
Durand,United Kingdom
Lianne,United States
Antonin,Mexico
Sherrie,Honduras
Whitney,Brazil
Davide,Brazil
Morgana,Indonesia
Katerine,Indonesia
Bryce,Poland
Maurise,Ghana
Lyndy,Russia
Ruthann,Ukraine
Joletta,China
Hayden,Malaysia
Florence,Paraguay
Kristopher,France
Ruth,Macedonia
Granger,Ukraine
Catrina,Poland
Mala,Indonesia
Hetti,Brazil
Randall,Iraq
Lorianna,Russia
Gerianna,Philippines
Ferguson,China
Seumas,Japan
Olivie,United States
Allen,Portugal
Cindelyn,Uzbekistan
Saba,Mexico
Noelle,Indonesia
Thain,Madagascar
Sisile,Russia
Evonne,China
Lynn,Philippines
Dorolisa,Brazil
Kelley,Spain
Jocelyne,Slovenia
Georg,Croatia
Ralph,Russia
Jere,Brazil
Alyce,Czech Republic
Reed,Taiwan
Benoite,Myanmar
Hedi,Colombia
Sarita,Netherlands
Berne,Indonesia
Scarlet,Indonesia
Joni,Peru
Jeralee,Indonesia
Liuka,Vietnam
Merrilee,Venezuela
Rena,China
Rowney,Cuba
Jefferey,Indonesia
Eyde,Indonesia
Jehu,China
Hilly,Czech Republic
Brock,China
Davin,Cuba
Cindy,Japan
Ellie,Brazil
Lissi,Thailand
Joey,China
Robbert,China
Mickey,Indonesia
Cam,South Africa
Gayleen,Portugal
Sibelle,Taiwan
Ambrosio,China
Elvis,Indonesia
Alicia,Brazil
Carlita,China
Jessamyn,China
Romonda,Macao
Odille,Russia
Laurella,China
Leda,Indonesia
Che,Czech Republic
Felicle,China
Aron,China
Renata,China
Tressa,Argentina
Nathanil,Indonesia
Codee,Vietnam
Powell,Nigeria
Evey,Iran
Cassie,China
Mirella,Bulgaria
Welsh,Bangladesh
Maryl,China
Charley,China
Joanne,Guatemala
Caria,Spain
Woody,Russia
Myrwyn,Poland
William,China
Wayland,Russia
Baxy,Greece
Faunie,Portugal
Nellie,Greece
Nathalia,Indonesia
Conchita,Sweden
Anthia,China
Dotti,Brazil
Eolanda,Philippines
Luci,China
Claudie,Uzbekistan
Davin,Ivory Coast
Hartwell,Brazil
Arlen,Madagascar
Giffie,France
Payton,Bolivia
Ketti,Brazil
Maddy,Brazil
Broddy,China
Guglielma,Philippines
Ulrich,Morocco
Paco,France
Bernette,Indonesia
Evin,Indonesia
Torie,Indonesia
Myrtie,China
Odessa,Croatia
Tanitansy,China
Queenie,Peru
Ervin,Brazil
Mendy,Indonesia
Martica,Angola
Antonietta,Russia
Kim,Portugal
Dave,Russia
Marcellus,China
Bernette,Poland
Adey,China
Joe,Russia
Patricio,Albania
Arleen,Malaysia
Jenni,Portugal
Eveleen,China
Waldemar,Russia
Mikaela,France
Pryce,Portugal
